time,mean_precipitation
2015-01-01,8.67999935
2015-01-02,14.2950001
2015-01-03,10.75
2015-01-04,1.5
2015-01-05,6.43999958
2015-01-06,1.78499985
2015-01-07,0.0350000001
2015-01-08,4.84500027
2015-01-09,0.179999992
2015-01-10,0.0299999993
2015-01-11,0.119999997
2015-01-12,6.06000042
2015-01-13,0.949999988
2015-01-14,1.33500016
2015-01-15,5.42000008
2015-01-16,0.529999971
2015-01-17,6.13000011
2015-01-18,11.5549984
2015-01-19,8.16999912
2015-01-20,70.5949936
2015-01-21,7.36999989
2015-01-22,2.61999989
2015-01-23,0.0149999997
2015-01-24,31.8650017
2015-01-25,19.3549976
2015-01-26,9.30499935
2015-01-27,0.835000038
2015-01-28,15.3049994
2015-01-29,54.4499969
2015-01-30,21.7450047
2015-01-31,14.4549999
2015-02-01,48.2150116
2015-02-02,17.6949997
2015-02-03,25.1200027
2015-02-04,56.2750015
2015-02-05,11.3299999
2015-02-06,31.4599991
2015-02-07,43.0349998
2015-02-08,2.01999998
2015-02-09,0.899999976
2015-02-10,3.27499962
2015-02-11,0.310000002
2015-02-12,30.795002
2015-02-13,26.6550007
2015-02-14,0.269999981
2015-02-15,3.38999987
2015-02-16,0.370000005
2015-02-17,7.44500065
2015-02-18,25.3599987
2015-02-19,32.2050018
2015-02-20,3.2249999
2015-02-21,0.0149999997
2015-02-22,0
2015-02-23,5.38499928
2015-02-24,0
2015-02-25,0
2015-02-26,21.3100014
2015-02-27,7.10000038
2015-02-28,17.3849983
2015-03-01,2.14999986
2015-03-02,29.6349945
2015-03-03,16.3649998
2015-03-04,2.52499986
2015-03-05,2.7949996
2015-03-06,1.53999996
2015-03-07,5.94000006
2015-03-08,1.32499993
2015-03-09,3.60499978
2015-03-10,5.26000023
2015-03-11,1.67000008
2015-03-12,9.2699995
2015-03-13,3.3499999
2015-03-14,9.02999878
2015-03-15,21.4100037
2015-03-16,29.8300018
2015-03-17,14.039999
2015-03-18,20.1349983
2015-03-19,5.07999945
2015-03-20,11.2750006
2015-03-21,39.8999977
2015-03-22,5.30999994
2015-03-23,0
2015-03-24,0.769999981
2015-03-25,20.0700016
2015-03-26,0.234999999
2015-03-27,0
2015-03-28,12.4099998
2015-03-29,0.0149999997
2015-03-30,0.325000018
2015-03-31,30.7249985
2015-04-01,8.40999985
2015-04-02,5.46999979
2015-04-03,15.1949997
2015-04-04,5.67999983
2015-04-05,0
2015-04-06,27.4700012
2015-04-07,2.1099999
2015-04-08,2.98999977
2015-04-09,0
2015-04-10,0
2015-04-11,7.01000023
2015-04-12,24.1350002
2015-04-13,2.55499983
2015-04-14,6.70999908
2015-04-15,15.5749998
2015-04-16,10.7700005
2015-04-17,2.90500021
2015-04-18,22.2600002
2015-04-19,5.15499973
2015-04-20,22.9500008
2015-04-21,9.875
2015-04-22,0.689999998
2015-04-23,2.63499975
2015-04-24,3.00999999
2015-04-25,4.61999989
2015-04-26,15.9850006
2015-04-27,21.8050022
2015-04-28,12.8800011
2015-04-29,5.57000017
2015-04-30,0.0699999928
2015-05-01,14.8050003
2015-05-02,31.6549988
2015-05-03,24.5250034
2015-05-04,9.40999889
2015-05-05,0
2015-05-06,0.539999962
2015-05-07,0
2015-05-08,0
2015-05-09,0
2015-05-10,0
2015-05-11,0
2015-05-12,0
2015-05-13,0.669999957
2015-05-14,24.989994
2015-05-15,3.53500032
2015-05-16,0
2015-05-17,0
2015-05-18,0
2015-05-19,0
2015-05-20,0
2015-05-21,0
2015-05-22,0
2015-05-23,0
2015-05-24,0
2015-05-25,0
2015-05-26,0
2015-05-27,0
2015-05-28,0
2015-05-29,0
2015-05-30,0
2015-05-31,0
2015-06-01,0
2015-06-02,0
2015-06-03,0
2015-06-04,0
2015-06-05,0
2015-06-06,0.825000048
2015-06-07,3.50999975
2015-06-08,1.19500005
2015-06-09,6.75500011
2015-06-10,1.81999993
2015-06-11,0
2015-06-12,0
2015-06-13,0
2015-06-14,0
2015-06-15,0
2015-06-16,0
2015-06-17,0
2015-06-18,0
2015-06-19,0
2015-06-20,0
2015-06-21,0
2015-06-22,0
2015-06-23,0
2015-06-24,0
2015-06-25,0
2015-06-26,0
2015-06-27,0
2015-06-28,0
2015-06-29,0
2015-06-30,0
2015-07-01,0
2015-07-02,0
2015-07-03,0
2015-07-04,0
2015-07-05,0
2015-07-06,0
2015-07-07,0
2015-07-08,0
2015-07-09,0
2015-07-10,3.57500029
2015-07-11,0
2015-07-12,0.0149999997
2015-07-13,0
2015-07-14,0
2015-07-15,0
2015-07-16,0
2015-07-17,0
2015-07-18,0
2015-07-19,0
2015-07-20,0
2015-07-21,0
2015-07-22,0
2015-07-23,0
2015-07-24,0
2015-07-25,0
2015-07-26,0
2015-07-27,0
2015-07-28,0
2015-07-29,0
2015-07-30,0
2015-07-31,0
2015-08-01,0
2015-08-02,0
2015-08-03,0
2015-08-04,0
2015-08-05,0
2015-08-06,0
2015-08-07,0
2015-08-08,0
2015-08-09,0
2015-08-10,0
2015-08-11,0
2015-08-12,0
2015-08-13,0
2015-08-14,0
2015-08-15,0
2015-08-16,0
2015-08-17,0
2015-08-18,0
2015-08-19,0
2015-08-20,0
2015-08-21,0
2015-08-22,0
2015-08-23,0
2015-08-24,0
2015-08-25,0
2015-08-26,0
2015-08-27,0
2015-08-28,0
2015-08-29,0
2015-08-30,0
2015-08-31,0
2015-09-01,0
2015-09-02,0
2015-09-03,0
2015-09-04,0
2015-09-05,0
2015-09-06,0
2015-09-07,0
2015-09-08,0
2015-09-09,0
2015-09-10,0
2015-09-11,0
2015-09-12,0
2015-09-13,0
2015-09-14,0
2015-09-15,0
2015-09-16,3.98499966
2015-09-17,0
2015-09-18,0
2015-09-19,0
2015-09-20,0
2015-09-21,0
2015-09-22,0
2015-09-23,0
2015-09-24,0
2015-09-25,0
2015-09-26,0
2015-09-27,0
2015-09-28,0
2015-09-29,0
2015-09-30,0
2015-10-01,0
2015-10-02,0
2015-10-03,0
2015-10-04,0
2015-10-05,0
2015-10-06,0
2015-10-07,22.6550007
2015-10-08,0
2015-10-09,0
2015-10-10,0
2015-10-11,0
2015-10-12,0
2015-10-13,0
2015-10-14,0
2015-10-15,0
2015-10-16,0
2015-10-17,0
2015-10-18,0.159999996
2015-10-19,6.15500021
2015-10-20,0
2015-10-21,0
2015-10-22,0
2015-10-23,0
2015-10-24,0
2015-10-25,0
2015-10-26,0
2015-10-27,0
2015-10-28,0
2015-10-29,0
2015-10-30,0.199999988
2015-10-31,0
2015-11-01,0
2015-11-02,0
2015-11-03,0
2015-11-04,0
2015-11-05,3.17999983
2015-11-06,10.0799999
2015-11-07,8.51000023
2015-11-08,63.9449997
2015-11-09,14.1800003
2015-11-10,19.1499977
2015-11-11,7.01000023
2015-11-12,16.5899982
2015-11-13,20.5300007
2015-11-14,0
2015-11-15,1.61999989
2015-11-16,4.23500013
2015-11-17,32.4249992
2015-11-18,0
2015-11-19,2.4749999
2015-11-20,0
2015-11-21,0.875
2015-11-22,0.0149999997
2015-11-23,0
2015-11-24,18.5650005
2015-11-25,22.9749985
2015-11-26,0.310000002
2015-11-27,8.84000015
2015-11-28,1.40999997
2015-11-29,8.29500008
2015-11-30,6.69000006
2015-12-01,1.14499998
2015-12-02,6.28499985
2015-12-03,13.1700001
2015-12-04,3.29999971
2015-12-05,12.9499998
2015-12-06,40.7799988
2015-12-07,12.9950008
2015-12-08,22.0100002
2015-12-09,0
2015-12-10,4.44500017
2015-12-11,28.170002
2015-12-12,18.5550022
2015-12-13,42.4500008
2015-12-14,7.93000031
2015-12-15,10.2299995
2015-12-16,25.8699951
2015-12-17,11.1199989
2015-12-18,2.87000012
2015-12-19,0.119999997
2015-12-20,8.23500061
2015-12-21,0.949999988
2015-12-22,0.00499999989
2015-12-23,1.30999994
2015-12-24,0
2015-12-25,0.820000052
2015-12-26,12.3199997
2015-12-27,18.1550007
2015-12-28,6.32000065
2015-12-29,22.3899994
2015-12-30,9.97499943
2015-12-31,1.45500004
2016-01-01,13.8649998
2016-01-02,13.1399994
2016-01-03,7.57999897
2016-01-04,1.72000003
2016-01-05,1.12499988
2016-01-06,0.0850000009
2016-01-07,0
2016-01-08,0.375
2016-01-09,4.875
2016-01-10,7.63499928
2016-01-11,5.68999958
2016-01-12,15.9949989
2016-01-13,15.0649996
2016-01-14,0.959999979
2016-01-15,1.69499993
2016-01-16,8.42999935
2016-01-17,12.5949993
2016-01-18,2.88999987
2016-01-19,24.6399994
2016-01-20,55.1799927
2016-01-21,3.55999947
2016-01-22,32.3499985
2016-01-23,19.130003
2016-01-24,8.96500015
2016-01-25,2.35499978
2016-01-26,8.63000011
2016-01-27,23.6500015
2016-01-28,0.934999943
2016-01-29,23.1049995
2016-01-30,15.0350018
2016-01-31,2.69500017
2016-02-01,19.4250011
2016-02-02,8.73000145
2016-02-03,15.3400011
2016-02-04,18.0949993
2016-02-05,8.42499924
2016-02-06,45.3749924
2016-02-07,29.569994
2016-02-08,46.6800041
2016-02-09,32.8499985
2016-02-10,15.7799988
2016-02-11,12.5000019
2016-02-12,11.2550011
2016-02-13,10.3100004
2016-02-14,41.4449959
2016-02-15,12.1399994
2016-02-16,11.085
2016-02-17,0.379999995
2016-02-18,3.9749999
2016-02-19,0
2016-02-20,1.6099999
2016-02-21,18.0750008
2016-02-22,23.7149982
2016-02-23,13.7299995
2016-02-24,5.49999952
2016-02-25,0.674999952
2016-02-26,0.0299999993
2016-02-27,2.25
2016-02-28,8.68499947
2016-02-29,19.539999
2016-03-01,22.5450001
2016-03-02,6.92000008
2016-03-03,0.229999989
2016-03-04,75.2899933
2016-03-05,33.6350021
2016-03-06,32.7399979
2016-03-07,1.90999985
2016-03-08,14.4800005
2016-03-09,0.634999931
2016-03-10,1.60500002
2016-03-11,7.41500044
2016-03-12,25.2700005
2016-03-13,3.81500006
2016-03-14,7.90999985
2016-03-15,2.7750001
2016-03-16,5.5
2016-03-17,22.5450001
2016-03-18,2.34999967
2016-03-19,17.5550003
2016-03-20,1.06500006
2016-03-21,3.28499985
2016-03-22,26.1050034
2016-03-23,12.4599991
2016-03-24,4.25
2016-03-25,20.3199978
2016-03-26,0.299999982
2016-03-27,0
2016-03-28,6.0199995
2016-03-29,28.5499992
2016-03-30,3.07999945
2016-03-31,10.3199997
2016-04-01,6.21000004
2016-04-02,0.839999914
2016-04-03,1.54500008
2016-04-04,20.3249989
2016-04-05,2.69499993
2016-04-06,0.860000014
2016-04-07,3.0250001
2016-04-08,0.269999981
2016-04-09,42.3349953
2016-04-10,5.12999916
2016-04-11,0.644999981
2016-04-12,1.625
2016-04-13,19.2400017
2016-04-14,46.2649994
2016-04-15,5.52999973
2016-04-16,1.84499979
2016-04-17,1
2016-04-18,12.2249985
2016-04-19,37.5800018
2016-04-20,21.9300003
2016-04-21,0.389999986
2016-04-22,0.0249999985
2016-04-23,2.14499998
2016-04-24,0.204999983
2016-04-25,4.07499981
2016-04-26,17.7249985
2016-04-27,12.5049992
2016-04-28,16.0900002
2016-04-29,0.319999993
2016-04-30,3.25500011
2016-05-01,9.04500008
2016-05-02,7.80499935
2016-05-03,1.30999994
2016-05-04,0
2016-05-05,1.74499989
2016-05-06,0
2016-05-07,0.0599999987
2016-05-08,3.98499966
2016-05-09,6.79500008
2016-05-10,0
2016-05-11,3.94499969
2016-05-12,2.51999998
2016-05-13,1.07499993
2016-05-14,1.89499974
2016-05-15,26.0699997
2016-05-16,11.3850002
2016-05-17,13.3199997
2016-05-18,0
2016-05-19,0
2016-05-20,0
2016-05-21,16.3249969
2016-05-22,16.5499992
2016-05-23,5.50999975
2016-05-24,16.4899979
2016-05-25,0
2016-05-26,2.19499993
2016-05-27,20.8749981
2016-05-28,0.954999983
2016-05-29,36.1949959
2016-05-30,13.5349989
2016-05-31,3.12999964
2016-06-01,10.5950003
2016-06-02,5.07499981
2016-06-03,0.165000007
2016-06-04,0.119999997
2016-06-05,0.504999995
2016-06-06,29.6000004
2016-06-07,3.86499977
2016-06-08,4.90999937
2016-06-09,3.06999993
2016-06-10,0.405000031
2016-06-11,0
2016-06-12,0
2016-06-13,0.0749999955
2016-06-14,5.05500031
2016-06-15,11.2549992
2016-06-16,0.0949999988
2016-06-17,31.920002
2016-06-18,34.4349937
2016-06-19,6.58500004
2016-06-20,0.105000004
2016-06-21,3.32500005
2016-06-22,0
2016-06-23,0
2016-06-24,0
2016-06-25,0.685000002
2016-06-26,0.099999994
2016-06-27,9.12999916
2016-06-28,1.17500007
2016-06-29,10.7749996
2016-06-30,0
2016-07-01,0.099999994
2016-07-02,7.43499947
2016-07-03,22.2850018
2016-07-04,0
2016-07-05,0
2016-07-06,0
2016-07-07,0
2016-07-08,0
2016-07-09,3.16499996
2016-07-10,3.18499994
2016-07-11,1.79999995
2016-07-12,8.46000004
2016-07-13,0.0749999955
2016-07-14,0
2016-07-15,0.979999959
2016-07-16,0
2016-07-17,17.5550003
2016-07-18,26.3000031
2016-07-19,6.8550005
2016-07-20,4.03000021
2016-07-21,8.8949995
2016-07-22,0.794999957
2016-07-23,0.0799999982
2016-07-24,3.31499958
2016-07-25,0
2016-07-26,0
2016-07-27,0
2016-07-28,3.2249999
2016-07-29,0.459999979
2016-07-30,0
2016-07-31,0
2016-08-01,0
2016-08-02,0
2016-08-03,0
2016-08-04,0
2016-08-05,0
2016-08-06,0.899999976
2016-08-07,0
2016-08-08,8.11499977
2016-08-09,4.67000008
2016-08-10,0.830000043
2016-08-11,0
2016-08-12,0.0700000003
2016-08-13,0.539999962
2016-08-14,0.229999989
2016-08-15,3.76499987
2016-08-16,0.919999957
2016-08-17,4.78499985
2016-08-18,0
2016-08-19,0
2016-08-20,0
2016-08-21,0
2016-08-22,0
2016-08-23,0
2016-08-24,0
2016-08-25,5.92500019
2016-08-26,7.76499939
2016-08-27,35.7799988
2016-08-28,0.36499998
2016-08-29,1.27999997
2016-08-30,11.9949999
2016-08-31,9.99999905
2016-09-01,0
2016-09-02,0.299999982
2016-09-03,0
2016-09-04,4.375
2016-09-05,0
2016-09-06,0.224999994
2016-09-07,26.0999966
2016-09-08,7.69999981
2016-09-09,1.16999984
2016-09-10,0
2016-09-11,0
2016-09-12,0
2016-09-13,0
2016-09-14,5.58500051
2016-09-15,0
2016-09-16,18.25
2016-09-17,2.82999992
2016-09-18,5.61000013
2016-09-19,0
2016-09-20,10.2399998
2016-09-21,1.5
2016-09-22,0.439999998
2016-09-23,45.2150002
2016-09-24,6.89500046
2016-09-25,26.9750023
2016-09-26,17.9500008
2016-09-27,26.670002
2016-09-28,32.0049973
2016-09-29,13.1749992
2016-09-30,18.0999985
2016-10-01,22.8050003
2016-10-02,18.2800007
2016-10-03,1.26999974
2016-10-04,7.97500038
2016-10-05,0.0149999997
2016-10-06,0.00999999978
2016-10-07,8.47499943
2016-10-08,26.234993
2016-10-09,39.4549942
2016-10-10,3.50999975
2016-10-11,4.59000063
2016-10-12,17.704998
2016-10-13,5.06500006
2016-10-14,16.7349987
2016-10-15,14.6099997
2016-10-16,0
2016-10-17,0.49000001
2016-10-18,0
2016-10-19,0.0350000001
2016-10-20,0.140000001
2016-10-21,5.11000013
2016-10-22,19.6999989
2016-10-23,37.1450005
2016-10-24,4.26999998
2016-10-25,9.93499947
2016-10-26,9.38499928
2016-10-27,2.70500016
2016-10-28,23.1599998
2016-10-29,16.5299988
2016-10-30,11.1099997
2016-10-31,0.610000014
2016-11-01,5.22999954
2016-11-02,16.0349998
2016-11-03,3.72500038
2016-11-04,0.479999989
2016-11-05,3.76000023
2016-11-06,0.805000067
2016-11-07,3.52999973
2016-11-08,26.8199997
2016-11-09,37.9599991
2016-11-10,8.95499992
2016-11-11,28.6550045
2016-11-12,2.98000026
2016-11-13,39.8150024
2016-11-14,3.06999969
2016-11-15,27.829998
2016-11-16,5.26000023
2016-11-17,0.0399999991
2016-11-18,5.65999937
2016-11-19,0.394999981
2016-11-20,0.0199999996
2016-11-21,4.89999962
2016-11-22,15.7849998
2016-11-23,7.28499985
2016-11-24,15.6800003
2016-11-25,6.44000053
2016-11-26,0.594999969
2016-11-27,7.53999901
2016-11-28,7.80500031
2016-11-29,9.57999897
2016-11-30,9.80999947
2016-12-01,0.369999975
2016-12-02,8.10999966
2016-12-03,4.94000006
2016-12-04,8.07999992
2016-12-05,0.229999989
2016-12-06,0.855000019
2016-12-07,10.9650002
2016-12-08,5.30499935
2016-12-09,16.7749996
2016-12-10,22.4649982
2016-12-11,36.8649902
2016-12-12,26.0849953
2016-12-13,7.08500004
2016-12-14,15.4700003
2016-12-15,1.15499997
2016-12-16,0.86500001
2016-12-17,1.51999974
2016-12-18,2.26999998
2016-12-19,0.275000006
2016-12-20,0
2016-12-21,0
2016-12-22,0
2016-12-23,0.0549999997
2016-12-24,0.274999976
2016-12-25,0.109999999
2016-12-26,1.00499988
2016-12-27,0.809999943
2016-12-28,11.7149992
2016-12-29,0.0700000003
2016-12-30,5.90500021
2016-12-31,22.2250004
2017-01-01,12.2550011
2017-01-02,20.6999989
2017-01-03,11.7349997
2017-01-04,7.84000015
2017-01-05,20.6400013
2017-01-06,7.63000011
2017-01-07,0
2017-01-08,5.26999998
2017-01-09,5.375
2017-01-10,2.31500006
2017-01-11,0.420000017
2017-01-12,2.56999946
2017-01-13,6.57000017
2017-01-14,1.25999999
2017-01-15,12.9449997
2017-01-16,1.40999997
2017-01-17,7.20499897
2017-01-18,0
2017-01-19,1.94499993
2017-01-20,28.7650032
2017-01-21,94.7450027
2017-01-22,12.6050005
2017-01-23,24.220005
2017-01-24,17.3549995
2017-01-25,23.0499973
2017-01-26,1.38499987
2017-01-27,1.94999981
2017-01-28,2.49000001
2017-01-29,6.14500046
2017-01-30,2.08500028
2017-01-31,6.81500053
2017-02-01,8.04999924
2017-02-02,5.02999973
2017-02-03,5.33500099
2017-02-04,0.634999931
2017-02-05,0
2017-02-06,2.10000014
2017-02-07,5.46999979
2017-02-08,4.5199995
2017-02-09,9.56499863
2017-02-10,5.30499983
2017-02-11,32.8599968
2017-02-12,7.11499977
2017-02-13,4.46999979
2017-02-14,34.8850021
2017-02-15,25.8299961
2017-02-16,2.23000002
2017-02-17,4.82499981
2017-02-18,6.21000051
2017-02-19,2.01499987
2017-02-20,4.05999947
2017-02-21,2.74000001
2017-02-22,0.140000001
2017-02-23,32.0399971
2017-02-24,14.3799973
2017-02-25,73.1100235
2017-02-26,10.2299995
2017-02-27,55.0400009
2017-02-28,1.74499989
2017-03-01,12.4150009
2017-03-02,11.2200003
2017-03-03,21.6049976
2017-03-04,13.5200014
2017-03-05,0.730000019
2017-03-06,23.1350002
2017-03-07,35.8199997
2017-03-08,10.625
2017-03-09,4.31999922
2017-03-10,10.8000002
2017-03-11,4.08499956
2017-03-12,24.954998
2017-03-13,3.83999968
2017-03-14,22.7750015
2017-03-15,10.1899977
2017-03-16,1.23999989
2017-03-17,1.78499985
2017-03-18,34.1199989
2017-03-19,30.9149971
2017-03-20,0.394999981
2017-03-21,54.4299927
2017-03-22,13.7749996
2017-03-23,7.69500017
2017-03-24,5.78999996
2017-03-25,2.81499982
2017-03-26,13.5949993
2017-03-27,2.60500002
2017-03-28,17.0149994
2017-03-29,5.44999981
2017-03-30,11.6149988
2017-03-31,6.02499962
2017-04-01,25.0449944
2017-04-02,13.4050007
2017-04-03,13.5599985
2017-04-04,2.51999974
2017-04-05,15.8550014
2017-04-06,13.4049997
2017-04-07,4.0250001
2017-04-08,13.8900003
2017-04-09,48.8099976
2017-04-10,5.04999971
2017-04-11,21.0649967
2017-04-12,2.3499999
2017-04-13,6.56500053
2017-04-14,0
2017-04-15,0
2017-04-16,2.02000022
2017-04-17,0
2017-04-18,6.78999996
2017-04-19,25.5649986
2017-04-20,0.00999999978
2017-04-21,2.14999986
2017-04-22,0.794999957
2017-04-23,5.27999973
2017-04-24,0.849999905
2017-04-25,0
2017-04-26,8.04500008
2017-04-27,2.20499992
2017-04-28,3.7249999
2017-04-29,7.04999971
2017-04-30,2.56499982
2017-05-01,11.7799988
2017-05-02,30.4250031
2017-05-03,14.8449993
2017-05-04,25.6950016
2017-05-05,17.3100033
2017-05-06,11.46
2017-05-07,24.3949986
2017-05-08,2.69000006
2017-05-09,0.269999981
2017-05-10,4.48000002
2017-05-11,1.49000001
2017-05-12,0
2017-05-13,0
2017-05-14,0
2017-05-15,0
2017-05-16,0
2017-05-17,0
2017-05-18,0
2017-05-19,0
2017-05-20,0
2017-05-21,0
2017-05-22,0
2017-05-23,0
2017-05-24,0
2017-05-25,0
2017-05-26,0
2017-05-27,0
2017-05-28,13.7199993
2017-05-29,13.0499992
2017-05-30,0.0350000001
2017-05-31,0
2017-06-01,15.9050007
2017-06-02,3.09499979
2017-06-03,2.2900002
2017-06-04,0
2017-06-05,12.0049982
2017-06-06,0
2017-06-07,0.099999994
2017-06-08,0
2017-06-09,0
2017-06-10,0
2017-06-11,0
2017-06-12,2.94999981
2017-06-13,0.469999999
2017-06-14,1.74000001
2017-06-15,5.67000008
2017-06-16,0
2017-06-17,0
2017-06-18,0
2017-06-19,1.40999997
2017-06-20,0.00499999989
2017-06-21,3.2949996
2017-06-22,8.69000053
2017-06-23,23.1399975
2017-06-24,2.31999993
2017-06-25,2.80999994
2017-06-26,2.16999984
2017-06-27,0
2017-06-28,14.3450003
2017-06-29,0
2017-06-30,1.33499992
2017-07-01,0.13499999
2017-07-02,0
2017-07-03,0
2017-07-04,0
2017-07-05,0
2017-07-06,0
2017-07-07,0.114999995
2017-07-08,0
2017-07-09,0
2017-07-10,0
2017-07-11,0
2017-07-12,0
2017-07-13,1.71499991
2017-07-14,5.83999968
2017-07-15,0.0700000003
2017-07-16,0
2017-07-17,0
2017-07-18,9.19999886
2017-07-19,0
2017-07-20,23.9549961
2017-07-21,11.0800009
2017-07-22,0
2017-07-23,0
2017-07-24,0
2017-07-25,0
2017-07-26,0.294999987
2017-07-27,4.7699995
2017-07-28,5.43499899
2017-07-29,0
2017-07-30,0
2017-07-31,0
2017-08-01,0
2017-08-02,0
2017-08-03,0.0599999949
2017-08-04,0.74000001
2017-08-05,0
2017-08-06,0
2017-08-07,0
2017-08-08,0
2017-08-09,0
2017-08-10,0
2017-08-11,0
2017-08-12,0
2017-08-13,0
2017-08-14,0.00999999978
2017-08-15,0.799999952
2017-08-16,0.00499999989
2017-08-17,0
2017-08-18,0
2017-08-19,0
2017-08-20,0
2017-08-21,0
2017-08-22,0
2017-08-23,0
2017-08-24,0
2017-08-25,0.48999998
2017-08-26,0
2017-08-27,0
2017-08-28,0
2017-08-29,0.0899999961
2017-08-30,0
2017-08-31,0
2017-09-01,0
2017-09-02,0
2017-09-03,0
2017-09-04,0
2017-09-05,0
2017-09-06,0.0249999985
2017-09-07,0
2017-09-08,0
2017-09-09,0
2017-09-10,0
2017-09-11,0
2017-09-12,0.340000004
2017-09-13,0
2017-09-14,0
2017-09-15,0
2017-09-16,0
2017-09-17,0
2017-09-18,0
2017-09-19,0
2017-09-20,0
2017-09-21,0
2017-09-22,0
2017-09-23,0.194999993
2017-09-24,11.1049995
2017-09-25,0.425000012
2017-09-26,21.2199974
2017-09-27,17.7000008
2017-09-28,0
2017-09-29,11.5349998
2017-09-30,3.70000005
2017-10-01,31.045002
2017-10-02,0
2017-10-03,1.85499978
2017-10-04,0.229999989
2017-10-05,0.0350000001
2017-10-06,0
2017-10-07,26.5499992
2017-10-08,0
2017-10-09,0.119999997
2017-10-10,0.105000004
2017-10-11,8.42999935
2017-10-12,0.564999998
2017-10-13,1.20999992
2017-10-14,0.340000004
2017-10-15,0.949999928
2017-10-16,22.6150017
2017-10-17,0.669999957
2017-10-18,0
2017-10-19,27.6200027
2017-10-20,0.819999933
2017-10-21,0
2017-10-22,30.9199982
2017-10-23,24.0600014
2017-10-24,0
2017-10-25,0
2017-10-26,8.11499977
2017-10-27,7.88000107
2017-10-28,26.6650009
2017-10-29,7.21500015
2017-10-30,0.484999985
2017-10-31,9.77999973
2017-11-01,0.879999995
2017-11-02,0.129999995
2017-11-03,0.0249999985
2017-11-04,17.3700008
2017-11-05,0.395000041
2017-11-06,24.0800018
2017-11-07,18.8400002
2017-11-08,0.0299999993
2017-11-09,8.92500114
2017-11-10,3.75
2017-11-11,2.75999999
2017-11-12,21.9399986
2017-11-13,45.8599968
2017-11-14,34.3400002
2017-11-15,5.88999939
2017-11-16,39.4000015
2017-11-17,10.2800016
2017-11-18,1.76999998
2017-11-19,13.1800003
2017-11-20,3.22999978
2017-11-21,24.8250008
2017-11-22,34.0650063
2017-11-23,20.6800003
2017-11-24,17.7150002
2017-11-25,2.95999956
2017-11-26,7.8399992
2017-11-27,15.0949993
2017-11-28,4.62000036
2017-11-29,7.77499962
2017-11-30,9.62500095
2017-12-01,4.29499912
2017-12-02,0.0350000001
2017-12-03,0.669999957
2017-12-04,1.92499995
2017-12-05,1.9799999
2017-12-06,0.140000001
2017-12-07,12.0850029
2017-12-08,33.515007
2017-12-09,11.2099981
2017-12-10,11.6999998
2017-12-11,7.88000011
2017-12-12,2.84499955
2017-12-13,31.25
2017-12-14,1.42999995
2017-12-15,26.6949959
2017-12-16,2.67500043
2017-12-17,3.05999947
2017-12-18,27.4299946
2017-12-19,11.915
2017-12-20,14.6500015
2017-12-21,1.08000004
2017-12-22,5.92500019
2017-12-23,2.8900001
2017-12-24,0.5
2017-12-25,0
2017-12-26,0.0449999981
2017-12-27,0.394999981
2017-12-28,2.74499989
2017-12-29,3.2249999
2017-12-30,18.0999966
2017-12-31,16.1899948
2018-01-01,0
2018-01-02,4.94000006
2018-01-03,10.1499996
2018-01-04,37.1149979
2018-01-05,36.2999992
2018-01-06,5.02500057
2018-01-07,7.90499926
2018-01-08,0.129999995
2018-01-09,0.0349999964
2018-01-10,16.3500004
2018-01-11,0.830000043
2018-01-12,1.37500012
2018-01-13,4.82999945
2018-01-14,6.95000076
2018-01-15,0.779999852
2018-01-16,1.71499991
2018-01-17,0.99999994
2018-01-18,1.67999983
2018-01-19,0.935000062
2018-01-20,0.0299999993
2018-01-21,2.6500001
2018-01-22,2.45500016
2018-01-23,4.82999992
2018-01-24,2.74999976
2018-01-25,0.86500001
2018-01-26,2.14999986
2018-01-27,5.41000032
2018-01-28,0.415000021
2018-01-29,0.569999993
2018-01-30,0.49000001
2018-01-31,5.30999947
2018-02-01,0.879999995
2018-02-02,4.78999996
2018-02-03,27.9950008
2018-02-04,12.2849998
2018-02-05,2.50000024
2018-02-06,1.48500001
2018-02-07,0.389999926
2018-02-08,4.45000029
2018-02-09,16.5350018
2018-02-10,10.5600004
2018-02-11,1.15499985
2018-02-12,5.55500031
2018-02-13,2.02999997
2018-02-14,7.88999891
2018-02-15,15.7150021
2018-02-16,6.24499989
2018-02-17,0
2018-02-18,10.4249992
2018-02-19,75.7150116
2018-02-20,14.9399986
2018-02-21,25.9049988
2018-02-22,59.7300034
2018-02-23,33.5249977
2018-02-24,11.0349989
2018-02-25,27.8649979
2018-02-26,41.0299988
2018-02-27,11.5200005
2018-02-28,14.0050011
2018-03-01,26.6999989
2018-03-02,2.82999992
2018-03-03,30.8499985
2018-03-04,1.25500011
2018-03-05,4.14499998
2018-03-06,1.52499998
2018-03-07,16.5650005
2018-03-08,33.3549919
2018-03-09,29.579998
2018-03-10,23.494997
2018-03-11,35.3549995
2018-03-12,11.8850002
2018-03-13,2.60500002
2018-03-14,20.7849998
2018-03-15,0.36499998
2018-03-16,26.8549976
2018-03-17,19.0250034
2018-03-18,0.0299999993
2018-03-19,43.1050034
2018-03-20,18.9949989
2018-03-21,0.165000007
2018-03-22,2.70499992
2018-03-23,41.2050056
2018-03-24,17.9449997
2018-03-25,21.4400005
2018-03-26,0.539999962
2018-03-27,16.795002
2018-03-28,1.5999999
2018-03-29,0.114999995
2018-03-30,0
2018-03-31,6.00499964
2018-04-01,10.4799995
2018-04-02,7.4000001
2018-04-03,17.3749962
2018-04-04,0.179999992
2018-04-05,15.4949989
2018-04-06,1.24000001
2018-04-07,6.84499931
2018-04-08,6.06999969
2018-04-09,3.82999992
2018-04-10,0
2018-04-11,0
2018-04-12,4.73999977
2018-04-13,0
2018-04-14,0.949999988
2018-04-15,0
2018-04-16,1.88
2018-04-17,0
2018-04-18,15.1200008
2018-04-19,1.78499985
2018-04-20,1.40499997
2018-04-21,23.7749958
2018-04-22,50.9550018
2018-04-23,31.0749931
2018-04-24,16.3749981
2018-04-25,46.0550041
2018-04-26,12.0299988
2018-04-27,5.19500017
2018-04-28,0
2018-04-29,0
2018-04-30,0
2018-05-01,0
2018-05-02,0
2018-05-03,0.114999995
2018-05-04,0
2018-05-05,0
2018-05-06,0.430000007
2018-05-07,0
2018-05-08,10.0049992
2018-05-09,0
2018-05-10,0
2018-05-11,0
2018-05-12,0
2018-05-13,0
2018-05-14,0
2018-05-15,7.23499966
2018-05-16,1.05500007
2018-05-17,2.04999995
2018-05-18,0.484999985
2018-05-19,4.54500008
2018-05-20,1.87
2018-05-21,5.15499973
2018-05-22,36.2649994
2018-05-23,28.7249966
2018-05-24,2.74000001
2018-05-25,0.409999967
2018-05-26,0
2018-05-27,1.625
2018-05-28,0
2018-05-29,0
2018-05-30,0
2018-05-31,0.00499999989
2018-06-01,0
2018-06-02,0
2018-06-03,0
2018-06-04,0
2018-06-05,0
2018-06-06,0
2018-06-07,0
2018-06-08,0
2018-06-09,0
2018-06-10,0.484999985
2018-06-11,0.13499999
2018-06-12,0.0700000003
2018-06-13,0.234999999
2018-06-14,0
2018-06-15,0
2018-06-16,0
2018-06-17,1.04499996
2018-06-18,0
2018-06-19,0
2018-06-20,4.66499949
2018-06-21,0.359999985
2018-06-22,0
2018-06-23,0.629999995
2018-06-24,15.7000008
2018-06-25,20.9899998
2018-06-26,13.0650005
2018-06-27,0
2018-06-28,0.25
2018-06-29,0
2018-06-30,0
2018-07-01,0
2018-07-02,0
2018-07-03,0
2018-07-04,0.284999996
2018-07-05,0
2018-07-06,0
2018-07-07,0
2018-07-08,0
2018-07-09,0
2018-07-10,9.43000031
2018-07-11,0
2018-07-12,0
2018-07-13,0
2018-07-14,0
2018-07-15,0
2018-07-16,0
2018-07-17,0
2018-07-18,0
2018-07-19,0
2018-07-20,0
2018-07-21,0
2018-07-22,0
2018-07-23,0
2018-07-24,0
2018-07-25,0
2018-07-26,0
2018-07-27,0
2018-07-28,0
2018-07-29,0
2018-07-30,0
2018-07-31,0
2018-08-01,0
2018-08-02,0
2018-08-03,0
2018-08-04,0
2018-08-05,0
2018-08-06,0
2018-08-07,0
2018-08-08,0
2018-08-09,0
2018-08-10,0
2018-08-11,0
2018-08-12,0
2018-08-13,0
2018-08-14,0
2018-08-15,0
2018-08-16,0
2018-08-17,0
2018-08-18,0
2018-08-19,0
2018-08-20,0
2018-08-21,0
2018-08-22,0
2018-08-23,0
2018-08-24,0
2018-08-25,0
2018-08-26,0
2018-08-27,0
2018-08-28,0
2018-08-29,0
2018-08-30,0
2018-08-31,0
2018-09-01,0.124999993
2018-09-02,18.8450012
2018-09-03,0
2018-09-04,0.13499999
2018-09-05,5.11500025
2018-09-06,0
2018-09-07,0
2018-09-08,0
2018-09-09,0
2018-09-10,0
2018-09-11,0
2018-09-12,0
2018-09-13,0
2018-09-14,0
2018-09-15,0.0549999997
2018-09-16,0
2018-09-17,0
2018-09-18,0
2018-09-19,9.82999992
2018-09-20,4.61999989
2018-09-21,10.0649996
2018-09-22,0.415000021
2018-09-23,0
2018-09-24,0
2018-09-25,0
2018-09-26,0
2018-09-27,0
2018-09-28,0
2018-09-29,0
2018-09-30,0
2018-10-01,0
2018-10-02,0
2018-10-03,0
2018-10-04,0
2018-10-05,0
2018-10-06,0
2018-10-07,0
2018-10-08,0
2018-10-09,0
2018-10-10,0
2018-10-11,0
2018-10-12,0.0299999993
2018-10-13,0.129999995
2018-10-14,3.2099998
2018-10-15,0
2018-10-16,0
2018-10-17,3.92999983
2018-10-18,0.589999974
2018-10-19,10.2399998
2018-10-20,0.420000017
2018-10-21,0
2018-10-22,1.83999991
2018-10-23,0.519999981
2018-10-24,0
2018-10-25,2.62999988
2018-10-26,3.00999999
2018-10-27,23.3549995
2018-10-28,1.04499996
2018-10-29,16.8400002
2018-10-30,0.00999999978
2018-10-31,17.8999996
2018-11-01,0
2018-11-02,1.05499995
2018-11-03,1.67000008
2018-11-04,2.99999976
2018-11-05,0
2018-11-06,14.0550003
2018-11-07,20.6200008
2018-11-08,0.179999992
2018-11-09,11.8399982
2018-11-10,11.4700003
2018-11-11,11.1749992
2018-11-12,4.97999954
2018-11-13,1.53499997
2018-11-14,1.505
2018-11-15,0.0599999987
2018-11-16,0
2018-11-17,5.63499975
2018-11-18,9.54999924
2018-11-19,8.18499947
2018-11-20,21.4950008
2018-11-21,8.42999935
2018-11-22,11.1199999
2018-11-23,1.74499989
2018-11-24,3.46000004
2018-11-25,0.639999986
2018-11-26,13.3700027
2018-11-27,23.1399975
2018-11-28,0.420000017
2018-11-29,47.5300064
2018-11-30,0.204999983
2018-12-01,8.40999985
2018-12-02,4.88999987
2018-12-03,7.03999901
2018-12-04,13.4599972
2018-12-05,3.75999999
2018-12-06,22.2900009
2018-12-07,2.49999976
2018-12-08,30.0549965
2018-12-09,1.91999984
2018-12-10,13.7049999
2018-12-11,12.2999992
2018-12-12,2.94500017
2018-12-13,31.3399963
2018-12-14,50.0250015
2018-12-15,3.30999994
2018-12-16,20.9349995
2018-12-17,3.12999988
2018-12-18,5.46499968
2018-12-19,0.589999974
2018-12-20,7.99499893
2018-12-21,0.74999994
2018-12-22,5.59499884
2018-12-23,4.87000084
2018-12-24,5.76999998
2018-12-25,10.5199995
2018-12-26,2.70000005
2018-12-27,14.6700001
2018-12-28,3.04999995
2018-12-29,4.81500006
2018-12-30,2.48000002
2018-12-31,3.05499935
2019-01-01,7.68499851
2019-01-02,11.2200003
2019-01-03,3.55000019
2019-01-04,0
2019-01-05,0.5
2019-01-06,0.099999994
2019-01-07,9.42999935
2019-01-08,22.6099987
2019-01-09,4.94500017
2019-01-10,0.574999988
2019-01-11,1.68500018
2019-01-12,39.2850037
2019-01-13,46.3999939
2019-01-14,3.34000039
2019-01-15,41.8450089
2019-01-16,3.25499964
2019-01-17,2.51999974
2019-01-18,9.65999985
2019-01-19,10.7399998
2019-01-20,3.83500004
2019-01-21,20.4500008
2019-01-22,26.9249954
2019-01-23,18.704998
2019-01-24,6.14999962
2019-01-25,2.04500008
2019-01-26,12.1299973
2019-01-27,18.6999989
2019-01-28,19.3799992
2019-01-29,9.86499977
2019-01-30,7.30499935
2019-01-31,0.0299999975
2019-02-01,4.10500002
2019-02-02,41.6649933
2019-02-03,26.2749977
2019-02-04,11.9499989
2019-02-05,14.7999992
2019-02-06,9.375
2019-02-07,6.13500023
2019-02-08,33.1999969
2019-02-09,0.105000004
2019-02-10,77.3049927
2019-02-11,6.34999895
2019-02-12,43.1950073
2019-02-13,0.205000013
2019-02-14,25.9199982
2019-02-15,16.8500004
2019-02-16,2.76499987
2019-02-17,2.1500001
2019-02-18,0.0700000003
2019-02-19,6.42000008
2019-02-20,9.40999889
2019-02-21,14.0749998
2019-02-22,23.1549969
2019-02-23,14.1350002
2019-02-24,1.14499998
2019-02-25,20.0050011
2019-02-26,0.219999999
2019-02-27,1.81999993
2019-02-28,11.6899977
2019-03-01,31.0949993
2019-03-02,19.625
2019-03-03,1.83000004
2019-03-04,0.815000057
2019-03-05,0.579999983
2019-03-06,25.7700005
2019-03-07,8.63999939
2019-03-08,7.92500019
2019-03-09,15.8899975
2019-03-10,0.254999995
2019-03-11,2.75499988
2019-03-12,4.11500025
2019-03-13,0.119999997
2019-03-14,2.19499993
2019-03-15,16.3549995
2019-03-16,1.72000003
2019-03-17,8.23500061
2019-03-18,11.9699993
2019-03-19,20.8099995
2019-03-20,0.109999999
2019-03-21,1.85500002
2019-03-22,5.61500025
2019-03-23,3.18000031
2019-03-24,0.234999985
2019-03-25,8.79500008
2019-03-26,28.0699959
2019-03-27,2.55999994
2019-03-28,5.61500025
2019-03-29,53.9549942
2019-03-30,0.784999967
2019-03-31,6.53499985
2019-04-01,8.60499954
2019-04-02,13.9700003
2019-04-03,3.30000019
2019-04-04,15.1999998
2019-04-05,6.27999878
2019-04-06,6.46500015
2019-04-07,43.5449944
2019-04-08,10.6449995
2019-04-09,11.4899988
2019-04-10,5.92000008
2019-04-11,19.6099987
2019-04-12,4.70000029
2019-04-13,24.8500042
2019-04-14,9.93499947
2019-04-15,29.8199997
2019-04-16,38.5050011
2019-04-17,0.36500001
2019-04-18,7.80500031
2019-04-19,22.4449997
2019-04-20,2.86499977
2019-04-21,0.809999943
2019-04-22,0.215000004
2019-04-23,1.70000005
2019-04-24,2.26999998
2019-04-25,14.4449997
2019-04-26,31.8699951
2019-04-27,2.44000006
2019-04-28,0.529999971
2019-04-29,1.91499996
2019-04-30,23.0349998
2019-05-01,3.27999973
2019-05-02,44.0699997
2019-05-03,4.05000019
2019-05-04,2.63999987
2019-05-05,1.86500001
2019-05-06,0.899999976
2019-05-07,3.02999997
2019-05-08,14.0849972
2019-05-09,19.4500008
2019-05-10,0
2019-05-11,0.0199999996
2019-05-12,0
2019-05-13,0
2019-05-14,0.0700000003
2019-05-15,11.869998
2019-05-16,45.0600014
2019-05-17,0
2019-05-18,0
2019-05-19,0.410000026
2019-05-20,0
2019-05-21,0
2019-05-22,0
2019-05-23,0
2019-05-24,0
2019-05-25,0
2019-05-26,0
2019-05-27,0.189999998
2019-05-28,0
2019-05-29,0
2019-05-30,0
2019-05-31,0
2019-06-01,0
2019-06-02,0.470000029
2019-06-03,17.6400013
2019-06-04,0
2019-06-05,0
2019-06-06,0
2019-06-07,0.0399999991
2019-06-08,2.54499984
2019-06-09,0
2019-06-10,0
2019-06-11,0.305000007
2019-06-12,0
2019-06-13,0.280000001
2019-06-14,0
2019-06-15,0
2019-06-16,0.25999999
2019-06-17,0
2019-06-18,0
2019-06-19,0
2019-06-20,0
2019-06-21,0
2019-06-22,0
2019-06-23,0
2019-06-24,0
2019-06-25,0
2019-06-26,0
2019-06-27,0
2019-06-28,0
2019-06-29,0
2019-06-30,0
2019-07-01,0
2019-07-02,0
2019-07-03,0.119999997
2019-07-04,0.534999967
2019-07-05,1.91499996
2019-07-06,0
2019-07-07,0
2019-07-08,0
2019-07-09,0
2019-07-10,0
2019-07-11,0
2019-07-12,0
2019-07-13,0
2019-07-14,0
2019-07-15,0
2019-07-16,0
2019-07-17,0
2019-07-18,0
2019-07-19,0
2019-07-20,0
2019-07-21,0
2019-07-22,0
2019-07-23,0
2019-07-24,0
2019-07-25,0
2019-07-26,0.124999993
2019-07-27,0
2019-07-28,0
2019-07-29,0
2019-07-30,0
2019-07-31,0
2019-08-01,0
2019-08-02,0
2019-08-03,0
2019-08-04,0
2019-08-05,0
2019-08-06,0
2019-08-07,0
2019-08-08,0
2019-08-09,0
2019-08-10,0
2019-08-11,0
2019-08-12,0
2019-08-13,0
2019-08-14,0
2019-08-15,0
2019-08-16,0
2019-08-17,0
2019-08-18,0
2019-08-19,0
2019-08-20,0
2019-08-21,0
2019-08-22,0
2019-08-23,0
2019-08-24,0
2019-08-25,0
2019-08-26,4.11499977
2019-08-27,0
2019-08-28,0
2019-08-29,0
2019-08-30,0
2019-08-31,0
2019-09-01,0
2019-09-02,0
2019-09-03,0
2019-09-04,0
2019-09-05,0
2019-09-06,0
2019-09-07,0
2019-09-08,0
2019-09-09,0
2019-09-10,0
2019-09-11,0
2019-09-12,0
2019-09-13,0
2019-09-14,0
2019-09-15,0
2019-09-16,0
2019-09-17,0
2019-09-18,0
2019-09-19,0
2019-09-20,0
2019-09-21,0
2019-09-22,0
2019-09-23,0
2019-09-24,0
2019-09-25,0
2019-09-26,0
2019-09-27,0
2019-09-28,0
2019-09-29,0
2019-09-30,0
2019-10-01,0
2019-10-02,0
2019-10-03,0
2019-10-04,0
2019-10-05,0
2019-10-06,0
2019-10-07,0.409999967
2019-10-08,0
2019-10-09,0
2019-10-10,0
2019-10-11,0
2019-10-12,0
2019-10-13,0
2019-10-14,0
2019-10-15,0
2019-10-16,0
2019-10-17,0
2019-10-18,0
2019-10-19,0
2019-10-20,0
2019-10-21,0
2019-10-22,0
2019-10-23,0
2019-10-24,0
2019-10-25,0
2019-10-26,0.140000001
2019-10-27,0
2019-10-28,0
2019-10-29,0
2019-10-30,0
2019-10-31,0
2019-11-01,3.89999986
2019-11-02,14.3649998
2019-11-03,13.4799995
2019-11-04,0
2019-11-05,5.0250001
2019-11-06,1.005
2019-11-07,0
2019-11-08,19.6049995
2019-11-09,0
2019-11-10,0
2019-11-11,0
2019-11-12,0.754999995
2019-11-13,2.75499988
2019-11-14,16.0400009
2019-11-15,7.80500031
2019-11-16,0
2019-11-17,0
2019-11-18,0.949999988
2019-11-19,0
2019-11-20,14.6399994
2019-11-21,6.55499935
2019-11-22,11.1500006
2019-11-23,0.224999994
2019-11-24,0
2019-11-25,2.40999985
2019-11-26,0.804999948
2019-11-27,1.20499992
2019-11-28,0.0350000001
2019-11-29,3.5
2019-11-30,12.3149986
2019-12-01,0.714999974
2019-12-02,0
2019-12-03,9.80500031
2019-12-04,31.0349998
2019-12-05,10.2749996
2019-12-06,24.1000023
2019-12-07,13
2019-12-08,0.459999979
2019-12-09,0.359999985
2019-12-10,0
2019-12-11,24.9550018
2019-12-12,0.554999948
2019-12-13,1.07000005
2019-12-14,2.50999999
2019-12-15,2.41499996
2019-12-16,21.8950024
2019-12-17,30.2100029
2019-12-18,13.6949997
2019-12-19,0.959999979
2019-12-20,4.88500023
2019-12-21,23.2550011
2019-12-22,9.80000019
2019-12-23,0.0449999981
2019-12-24,15.7649994
2019-12-25,6.08000088
2019-12-26,13.5599995
2019-12-27,37.9700012
2019-12-28,4.0999999
2019-12-29,0.0149999997
2019-12-30,0.13499999
2019-12-31,59.8549957
2020-01-01,31.3949947
2020-01-02,8.51500034
2020-01-03,0.219999999
2020-01-04,2.10500002
2020-01-05,23.9599991
2020-01-06,13.3699989
2020-01-07,22.3500004
2020-01-08,24.4249954
2020-01-09,52.9499969
2020-01-10,6.84000015
2020-01-11,9.63000011
2020-01-12,0.694999993
2020-01-13,2.54499984
2020-01-14,1.74000001
2020-01-15,1.35500002
2020-01-16,14.0699997
2020-01-17,22.0599976
2020-01-18,0.0350000001
2020-01-19,4.62999964
2020-01-20,14.6299982
2020-01-21,12.6999979
2020-01-22,1.62999988
2020-01-23,16.6899986
2020-01-24,15.8350029
2020-01-25,10.3449984
2020-01-26,15.0349998
2020-01-27,6.53999996
2020-01-28,0
2020-01-29,0.484999985
2020-01-30,5.65499973
2020-01-31,4.82999992
2020-02-01,9.75499916
2020-02-02,0.894999981
2020-02-03,45.4700012
2020-02-04,0.729999959
2020-02-05,57.4700012
2020-02-06,11.8600006
2020-02-07,27.7649994
2020-02-08,9.34000015
2020-02-09,32.1449928
2020-02-10,4.17500019
2020-02-11,8.18499947
2020-02-12,6.87499905
2020-02-13,1.02999985
2020-02-14,0.689999998
2020-02-15,35.6399994
2020-02-16,27.6100006
2020-02-17,9.44999981
2020-02-18,38.1100044
2020-02-19,69.0949936
2020-02-20,16.1400013
2020-02-21,1.75999999
2020-02-22,0.514999986
2020-02-23,25.5350018
2020-02-24,33.8649979
2020-02-25,4.50999975
2020-02-26,10.8099995
2020-02-27,0.36499998
2020-02-28,44.1200066
2020-02-29,10.6850004
2020-03-01,8.66499996
2020-03-02,0
2020-03-03,0.144999996
2020-03-04,72.1900101
2020-03-05,7.15499973
2020-03-06,22.8649998
2020-03-07,3.20000029
2020-03-08,13.8299999
2020-03-09,1.06499994
2020-03-10,6.37499905
2020-03-11,6.78499985
2020-03-12,12.7549992
2020-03-13,1.1049999
2020-03-14,17.7199993
2020-03-15,24.9749966
2020-03-16,0.454999983
2020-03-17,2.625
2020-03-18,16.5949993
2020-03-19,13.3299999
2020-03-20,13.0049992
2020-03-21,6.69999981
2020-03-22,6.11999989
2020-03-23,4.77499962
2020-03-24,24.875
2020-03-25,55.7050018
2020-03-26,5.74499989
2020-03-27,5.85500002
2020-03-28,0.125
2020-03-29,50.1699982
2020-03-30,80.375
2020-03-31,31.2349968
2020-04-01,1.27499998
2020-04-02,2.69499993
2020-04-03,0
2020-04-04,10.7749996
2020-04-05,38.4949989
2020-04-06,21.1450005
2020-04-07,41.8600006
2020-04-08,2.70499969
2020-04-09,9.06499958
2020-04-10,14.7950001
2020-04-11,0
2020-04-12,22.0250015
2020-04-13,8.29500008
2020-04-14,18.0150013
2020-04-15,0.584999979
2020-04-16,0
2020-04-17,0
2020-04-18,0.370000005
2020-04-19,1.40500009
2020-04-20,5.45499992
2020-04-21,28.7500019
2020-04-22,0
2020-04-23,12.5849991
2020-04-24,1.52499986
2020-04-25,0.469999969
2020-04-26,0.109999999
2020-04-27,0.0199999996
2020-04-28,25.1599998
2020-04-29,15.7200012
2020-04-30,15.5049973
2020-05-01,3.4849999
2020-05-02,1.65999985
2020-05-03,0
2020-05-04,34.4499969
2020-05-05,0.224999994
2020-05-06,0.610000014
2020-05-07,0.654999971
2020-05-08,2.56999993
2020-05-09,19.3999977
2020-05-10,0.609999955
2020-05-11,10.6549997
2020-05-12,5.63499975
2020-05-13,0
2020-05-14,0
2020-05-15,0
2020-05-16,0
2020-05-17,0.685000002
2020-05-18,23.8199997
2020-05-19,0
2020-05-20,42.5050049
2020-05-21,9.78499889
2020-05-22,7.32999992
2020-05-23,0.0749999955
2020-05-24,6.56000042
2020-05-25,22.7299976
2020-05-26,20.1799984
2020-05-27,6.55000114
2020-05-28,2.43999982
2020-05-29,4.55499983
2020-05-30,0.0249999985
2020-05-31,0.00499999989
2020-06-01,0.550000012
2020-06-02,0
2020-06-03,11.7449999
2020-06-04,0
2020-06-05,0.324999988
2020-06-06,0.00499999989
2020-06-07,0
2020-06-08,0.00999999978
2020-06-09,10.5500002
2020-06-10,2.46499991
2020-06-11,0.294999987
2020-06-12,0
2020-06-13,0
2020-06-14,0.50999999
2020-06-15,6.88000011
2020-06-16,0.239999995
2020-06-17,0
2020-06-18,0.694999933
2020-06-19,6.7699995
2020-06-20,0.405000031
2020-06-21,0.119999997
2020-06-22,18.2099991
2020-06-23,0
2020-06-24,0
2020-06-25,0
2020-06-26,0
2020-06-27,0
2020-06-28,0.109999999
2020-06-29,0
2020-06-30,0
2020-07-01,0
2020-07-02,35.7099991
2020-07-03,1.43999994
2020-07-04,0
2020-07-05,0
2020-07-06,13.7999992
2020-07-07,0
2020-07-08,0
2020-07-09,3.67500019
2020-07-10,0.88499999
2020-07-11,0.049999997
2020-07-12,0
2020-07-13,0.889999986
2020-07-14,13.2199993
2020-07-15,17.7049999
2020-07-16,4.13999987
2020-07-17,0
2020-07-18,0
2020-07-19,0.420000017
2020-07-20,0
2020-07-21,0
2020-07-22,0
2020-07-23,0
2020-07-24,0
2020-07-25,0
2020-07-26,0
2020-07-27,0
2020-07-28,0
2020-07-29,0
2020-07-30,1.77499986
2020-07-31,0
2020-08-01,0
2020-08-02,0
2020-08-03,1.255
2020-08-04,0
2020-08-05,2.24000001
2020-08-06,0
2020-08-07,0
2020-08-08,0
2020-08-09,0
2020-08-10,0.0749999955
2020-08-11,3.92499971
2020-08-12,0.649999976
2020-08-13,12.0349998
2020-08-14,3.19999981
2020-08-15,1.01499999
2020-08-16,0
2020-08-17,8.8949995
2020-08-18,0
2020-08-19,0
2020-08-20,0
2020-08-21,8.77999973
2020-08-22,3.27499962
2020-08-23,0
2020-08-24,0
2020-08-25,0
2020-08-26,0
2020-08-27,0
2020-08-28,0
2020-08-29,0
2020-08-30,0
2020-08-31,0
2020-09-01,0
2020-09-02,1.505
2020-09-03,4.63500023
2020-09-04,0.430000007
2020-09-05,0
2020-09-06,0
2020-09-07,0
2020-09-08,0
2020-09-09,0
2020-09-10,0
2020-09-11,0.454999983
2020-09-12,0
2020-09-13,0
2020-09-14,0
2020-09-15,0
2020-09-16,0
2020-09-17,0
2020-09-18,0
2020-09-19,0
2020-09-20,16.2749996
2020-09-21,6.93500042
2020-09-22,52.4449997
2020-09-23,0
2020-09-24,0.099999994
2020-09-25,0
2020-09-26,0.699999988
2020-09-27,7.91499901
2020-09-28,5.99999952
2020-09-29,1.11500001
2020-09-30,4
2020-10-01,3.07499981
2020-10-02,9.21000004
2020-10-03,1.84500003
2020-10-04,0.0700000003
2020-10-05,0
2020-10-06,0
2020-10-07,0
2020-10-08,1.66499996
2020-10-09,0.644999981
2020-10-10,8.69999981
2020-10-11,0.0850000009
2020-10-12,3.44999981
2020-10-13,0
2020-10-14,0.689999998
2020-10-15,1.125
2020-10-16,9.48999882
2020-10-17,0.215000004
2020-10-18,0
2020-10-19,20.8899975
2020-10-20,2.73999977
2020-10-21,15.9699993
2020-10-22,38.1800003
2020-10-23,29.4550018
2020-10-24,6.77500057
2020-10-25,2.2650001
2020-10-26,12.1849995
2020-10-27,16.4699993
2020-10-28,0
2020-10-29,21.329998
2020-10-30,10.5200014
2020-10-31,64.1500015
2020-11-01,17.1350002
2020-11-02,26.2249985
2020-11-03,0.105000004
2020-11-04,10.3199997
2020-11-05,29.1599979
2020-11-06,0.0449999981
2020-11-07,0.610000014
2020-11-08,1.37999988
2020-11-09,0
2020-11-10,0.415000021
2020-11-11,7.17999935
2020-11-12,0.280000001
2020-11-13,7.15499973
2020-11-14,0.0799999982
2020-11-15,0.280000001
2020-11-16,0
2020-11-17,7.07000065
2020-11-18,0
2020-11-19,0.334999979
2020-11-20,1.64499998
2020-11-21,1.3900001
2020-11-22,8.45500088
2020-11-23,10.3399982
2020-11-24,31.6049919
2020-11-25,13.0899982
2020-11-26,3.40999985
2020-11-27,5.5199995
2020-11-28,2.875
2020-11-29,30.3100014
2020-11-30,18.5699978
2020-12-01,2.93000007
2020-12-02,11.7249985
2020-12-03,4.18500042
2020-12-04,13.1199989
2020-12-05,21.6449986
2020-12-06,53.3899956
2020-12-07,10.6900015
2020-12-08,0.389999986
2020-12-09,2.37000036
2020-12-10,1.78999996
2020-12-11,6.79500008
2020-12-12,3.44000006
2020-12-13,8.34000015
2020-12-14,31.0000038
2020-12-15,38.3299942
2020-12-16,18.6300011
2020-12-17,2.38500023
2020-12-18,8.06000137
2020-12-19,1.00999987
2020-12-20,4.03499985
2020-12-21,1.32499993
2020-12-22,2.01499987
2020-12-23,12
2020-12-24,12.6300011
2020-12-25,11.2549992
2020-12-26,4.93500042
2020-12-27,1.49499989
2020-12-28,3.94999981
2020-12-29,8.09000111
2020-12-30,18.9299965
2020-12-31,4.47499943
2021-01-01,3.95499992
2021-01-02,28.3150024
2021-01-03,30.8850002
2021-01-04,33.4949989
2021-01-05,12.4299984
2021-01-06,6.67500114
2021-01-07,6.52000093
2021-01-08,8.45999908
2021-01-09,29.2599983
2021-01-10,6.45999956
2021-01-11,13.829999
2021-01-12,6.67999935
2021-01-13,5.45000029
2021-01-14,21.6299992
2021-01-15,1.52499986
2021-01-16,30.2799988
2021-01-17,12.4849987
2021-01-18,10.7699995
2021-01-19,0.559999943
2021-01-20,0.754999995
2021-01-21,5.26499891
2021-01-22,8.0199995
2021-01-23,5.2050004
2021-01-24,11.3649998
2021-01-25,21.7449989
2021-01-26,17.1450024
2021-01-27,6.12999821
2021-01-28,9.35499954
2021-01-29,8.34000015
2021-01-30,19.5899982
2021-01-31,3.48999977
2021-02-01,16.3050003
2021-02-02,27.1799984
2021-02-03,27.5399971
2021-02-04,14.0949993
2021-02-05,21.5049992
2021-02-06,32.4599991
2021-02-07,90.9549942
2021-02-08,37.1199989
2021-02-09,0.215000004
2021-02-10,0.444999993
2021-02-11,6.18000031
2021-02-12,10.9099998
2021-02-13,4.93999958
2021-02-14,13.2550011
2021-02-15,15.5649986
2021-02-16,9.94500065
2021-02-17,10.2349977
2021-02-18,42.7599907
2021-02-19,36.9050026
2021-02-20,21.7300014
2021-02-21,0.435000002
2021-02-22,11.1050005
2021-02-23,23.8749981
2021-02-24,3.34500027
2021-02-25,38.0500031
2021-02-26,2.44499993
2021-02-27,0.164999992
2021-02-28,14.1199989
2021-03-01,18.3399982
2021-03-02,3.78499985
2021-03-03,23.6299992
2021-03-04,23.1700001
2021-03-05,5.13999987
2021-03-06,7.43499947
2021-03-07,32.5550041
2021-03-08,9.79500103
2021-03-09,13.4700012
2021-03-10,12.8349981
2021-03-11,1.63499999
2021-03-12,15.4649982
2021-03-13,22.9749985
2021-03-14,5.38999939
2021-03-15,5.12499905
2021-03-16,4.4749999
2021-03-17,0.979999959
2021-03-18,0.964999974
2021-03-19,3.68999958
2021-03-20,5.6699996
2021-03-21,15.7000027
2021-03-22,14.1899986
2021-03-23,32.6749992
2021-03-24,13.3299999
2021-03-25,10.8099995
2021-03-26,0
2021-03-27,56.7749977
2021-03-28,0.13499999
2021-03-29,30.2000008
2021-03-30,13.9899998
2021-03-31,21.5650005
2021-04-01,5.16000032
2021-04-02,7.18999958
2021-04-03,16.3500004
2021-04-04,4.18999958
2021-04-05,9.21000004
2021-04-06,0.404999971
2021-04-07,0.944999993
2021-04-08,5.72500038
2021-04-09,0.189999998
2021-04-10,0
2021-04-11,11.0799999
2021-04-12,2.61999989
2021-04-13,18.7399979
2021-04-14,62.3200035
2021-04-15,4.9000001
2021-04-16,0
2021-04-17,14.6150007
2021-04-18,0.194999993
2021-04-19,3.57999992
2021-04-20,0
2021-04-21,0
2021-04-22,0
2021-04-23,0
2021-04-24,0
2021-04-25,0
2021-04-26,0
2021-04-27,0
2021-04-28,11.664999
2021-04-29,0
2021-04-30,0
2021-05-01,0.105000004
2021-05-02,3.62000012
2021-05-03,4.5
2021-05-04,0
2021-05-05,23.0250034
2021-05-06,9.49999905
2021-05-07,0.0899999961
2021-05-08,0.354999989
2021-05-09,0
2021-05-10,0
2021-05-11,0
2021-05-12,0
2021-05-13,5.81499958
2021-05-14,0
2021-05-15,0
2021-05-16,0
2021-05-17,9.92499924
2021-05-18,0.219999999
2021-05-19,5.26499939
2021-05-20,0
2021-05-21,0
2021-05-22,0
2021-05-23,0
2021-05-24,52.1100006
2021-05-25,0.264999986
2021-05-26,0.0749999955
2021-05-27,0
2021-05-28,0
2021-05-29,72.7049942
2021-05-30,0
2021-05-31,0.375
2021-06-01,3.70499992
2021-06-02,0
2021-06-03,0.0549999997
2021-06-04,0
2021-06-05,0
2021-06-06,5.31499958
2021-06-07,1.38
2021-06-08,0
2021-06-09,0
2021-06-10,0
2021-06-11,1.67499983
2021-06-12,0
2021-06-13,0
2021-06-14,8.75500011
2021-06-15,2.2099998
2021-06-16,3.93999982
2021-06-17,7.57999992
2021-06-18,24.0550003
2021-06-19,5.5199995
2021-06-20,17.2800007
2021-06-21,4.4000001
2021-06-22,19.545002
2021-06-23,17.7950001
2021-06-24,19.1999989
2021-06-25,0.0749999955
2021-06-26,0
2021-06-27,0.140000001
2021-06-28,1.95499992
2021-06-29,14.7450008
2021-06-30,11.7200003
2021-07-01,1.89999998
2021-07-02,0
2021-07-03,0
2021-07-04,0
2021-07-05,0
2021-07-06,0
2021-07-07,0
2021-07-08,0
2021-07-09,0.594999969
2021-07-10,0.534999967
2021-07-11,2.28500009
2021-07-12,0
2021-07-13,12.0900002
2021-07-14,6.26500034
2021-07-15,0.0299999993
2021-07-16,0
2021-07-17,0
2021-07-18,0
2021-07-19,5.67999983
2021-07-20,0
2021-07-21,0.720000029
2021-07-22,1.6400001
2021-07-23,0
2021-07-24,0.519999981
2021-07-25,0
2021-07-26,0
2021-07-27,0
2021-07-28,0
2021-07-29,0
2021-07-30,0
2021-07-31,0
2021-08-01,0
2021-08-02,0
2021-08-03,0
2021-08-04,0
2021-08-05,0
2021-08-06,0
2021-08-07,0
2021-08-08,0
2021-08-09,19.2599983
2021-08-10,0
2021-08-11,0
2021-08-12,0
2021-08-13,6.11999989
2021-08-14,0
2021-08-15,0.0350000001
2021-08-16,0
2021-08-17,0
2021-08-18,0.474999994
2021-08-19,4.4749999
2021-08-20,0
2021-08-21,7.52499962
2021-08-22,0.0249999985
2021-08-23,2.08999991
2021-08-24,0.549999952
2021-08-25,0
2021-08-26,0
2021-08-27,0
2021-08-28,18.1349983
2021-08-29,0
2021-08-30,2.06500006
2021-08-31,0
2021-09-01,0
2021-09-02,0.0350000001
2021-09-03,0
2021-09-04,0
2021-09-05,0.0949999988
2021-09-06,0.430000007
2021-09-07,0.00499999989
2021-09-08,0
2021-09-09,0.0249999985
2021-09-10,0
2021-09-11,7.04500008
2021-09-12,22.2849979
2021-09-13,19.0449982
2021-09-14,52.6050034
2021-09-15,0.0700000003
2021-09-16,0
2021-09-17,0
2021-09-18,0
2021-09-19,0
2021-09-20,0
2021-09-21,4.73000002
2021-09-22,0.36499998
2021-09-23,0
2021-09-24,0
2021-09-25,0
2021-09-26,0
2021-09-27,1.28500009
2021-09-28,0.919999957
2021-09-29,0
2021-09-30,0
2021-10-01,1.58499992
2021-10-02,0.0649999976
2021-10-03,1.38499987
2021-10-04,1.71499991
2021-10-05,18.8849983
2021-10-06,0.204999983
2021-10-07,0
2021-10-08,1.12499988
2021-10-09,0
2021-10-10,0
2021-10-11,3.32000017
2021-10-12,0
2021-10-13,0
2021-10-14,0.0399999991
2021-10-15,0.745000005
2021-10-16,16.3599968
2021-10-17,1
2021-10-18,27.1149979
2021-10-19,0.539999962
2021-10-20,10.1750002
2021-10-21,5.15999937
2021-10-22,27.5849991
2021-10-23,0.649999976
2021-10-24,0
2021-10-25,1.83500004
2021-10-26,0
2021-10-27,25.1050014
2021-10-28,1.73999977
2021-10-29,10.5649996
2021-10-30,8.35499954
2021-10-31,19.8400002
2021-11-01,25.6400013
2021-11-02,19.0200024
2021-11-03,0.0449999981
2021-11-04,5.66499949
2021-11-05,3.2099998
2021-11-06,3.46499968
2021-11-07,10.1800003
2021-11-08,3.68499994
2021-11-09,17.7499981
2021-11-10,26.2150002
2021-11-11,4.82999992
2021-11-12,7.73499966
2021-11-13,12.2399998
2021-11-14,21.8600006
2021-11-15,25.0299988
2021-11-16,17.8349991
2021-11-17,23.8700008
2021-11-18,26.1599979
2021-11-19,19.079998
2021-11-20,2.55999994
2021-11-21,0.789999962
2021-11-22,11.5300016
2021-11-23,17.3549995
2021-11-24,1.8099997
2021-11-25,38.8900032
2021-11-26,33.340004
2021-11-27,26.8099995
2021-11-28,11.9399986
2021-11-29,1.04999995
2021-11-30,0.625
2021-12-01,10.9200001
2021-12-02,18.9950008
2021-12-03,23.0900021
2021-12-04,15.9149971
2021-12-05,2.79500031
2021-12-06,23.7249985
2021-12-07,15.9050016
2021-12-08,5.86999941
2021-12-09,22.7099991
2021-12-10,16.1499977
2021-12-11,18.1249981
2021-12-12,9.21500111
2021-12-13,14.1499987
2021-12-14,9.12999916
2021-12-15,3.59500027
2021-12-16,2.04999995
2021-12-17,2.5
2021-12-18,15.6849995
2021-12-19,0.944999993
2021-12-20,23.7250004
2021-12-21,4.51999998
2021-12-22,2.75999951
2021-12-23,16.3599987
2021-12-24,16.8850002
2021-12-25,19.6250019
2021-12-26,4.24000025
2021-12-27,20.8549976
2021-12-28,15.6349983
2021-12-29,3.60999966
2021-12-30,5.17500067
2021-12-31,7.87000036
2022-01-01,1.99499965
2022-01-02,0.444999993
2022-01-03,2.40999985
2022-01-04,0.954999924
2022-01-05,23.2399979
2022-01-06,26.2199993
2022-01-07,65.7699966
2022-01-08,27.7599983
2022-01-09,8.53499985
2022-01-10,10.7800007
2022-01-11,3.07000017
2022-01-12,14.0299988
2022-01-13,6.60999966
2022-01-14,2.21999979
2022-01-15,8.12000084
2022-01-16,2.3499999
2022-01-17,20.3599987
2022-01-18,5.92999983
2022-01-19,19.3399963
2022-01-20,2.48000002
2022-01-21,2.30500007
2022-01-22,0.00999999978
2022-01-23,14.4250002
2022-01-24,15.8500004
2022-01-25,0.425000012
2022-01-26,1.05999994
2022-01-27,0.0249999985
2022-01-28,1.92499995
2022-01-29,0.129999995
2022-01-30,10.7800007
2022-01-31,15.9949989
2022-02-01,20.4700012
2022-02-02,5.02499962
2022-02-03,4.88499975
2022-02-04,19.0249977
2022-02-05,11.9250002
2022-02-06,22.6950016
2022-02-07,4.18499947
2022-02-08,17.3700008
2022-02-09,19.5099983
2022-02-10,2.69000006
2022-02-11,16.5450001
2022-02-12,13.2400017
2022-02-13,6.125
2022-02-14,5.93499994
2022-02-15,5.13500023
2022-02-16,8.09000015
2022-02-17,13.5200014
2022-02-18,10.3649988
2022-02-19,2.52499986
2022-02-20,9.00500107
2022-02-21,14.8999996
2022-02-22,16.7799988
2022-02-23,9.52499962
2022-02-24,2.81500006
2022-02-25,0.280000001
2022-02-26,0.7700001
2022-02-27,1.86999989
2022-02-28,1.77999997
2022-03-01,1.18500006
2022-03-02,2.29999995
2022-03-03,14.3000011
2022-03-04,0.674999893
2022-03-05,39.1150017
2022-03-06,10.295001
2022-03-07,39.0149994
2022-03-08,0.229999989
2022-03-09,13.4950008
2022-03-10,20.9699993
2022-03-11,19.5300007
2022-03-12,4.36000061
2022-03-13,24.8000031
2022-03-14,19.5749989
2022-03-15,12.7450008
2022-03-16,1.56999969
2022-03-17,0
2022-03-18,20.8050003
2022-03-19,15.0749989
2022-03-20,7.04999971
2022-03-21,2.10499978
2022-03-22,13.2299995
2022-03-23,15.6799984
2022-03-24,0
2022-03-25,0.0599999987
2022-03-26,5.96999931
2022-03-27,36.7500038
2022-03-28,0.555000007
2022-03-29,0.405000031
2022-03-30,0
2022-03-31,18.8950005
2022-04-01,1.95499992
2022-04-02,11.5050001
2022-04-03,54.0349884
2022-04-04,16.2849979
2022-04-05,38.0699997
2022-04-06,12.4000015
2022-04-07,0.144999996
2022-04-08,3.2249999
2022-04-09,0.789999962
2022-04-10,5.10999966
2022-04-11,4.03499985
2022-04-12,0
2022-04-13,0
2022-04-14,0
2022-04-15,0.189999998
2022-04-16,2.13999987
2022-04-17,6.61499977
2022-04-18,0.0149999997
2022-04-19,34.9849968
2022-04-20,19.4099998
2022-04-21,3.67500019
2022-04-22,5.54499912
2022-04-23,0.189999998
2022-04-24,4.15499973
2022-04-25,85.5899963
2022-04-26,29.5949993
2022-04-27,5.32500029
2022-04-28,1.41499996
2022-04-29,10.8999987
2022-04-30,6.61000013
2022-05-01,0.564999938
2022-05-02,1.28499985
2022-05-03,0
2022-05-04,8.83500004
2022-05-05,0.00499999989
2022-05-06,0
2022-05-07,1.51499999
2022-05-08,2.28499985
2022-05-09,47.2999954
2022-05-10,48.3000031
2022-05-11,17.0800018
2022-05-12,0.169999987
2022-05-13,9.48499966
2022-05-14,5.25499964
2022-05-15,1.68000007
2022-05-16,11.8550005
2022-05-17,17.9749985
2022-05-18,5.13499975
2022-05-19,5.61499977
2022-05-20,22.7500019
2022-05-21,6.9100008
2022-05-22,0.769999981
2022-05-23,0
2022-05-24,3.07499981
2022-05-25,4.09500027
2022-05-26,8.17499924
2022-05-27,0
2022-05-28,1.70000005
2022-05-29,1.31500006
2022-05-30,0
2022-05-31,0.769999981
2022-06-01,0.5
2022-06-02,28.6650009
2022-06-03,0
2022-06-04,0
2022-06-05,9.82000065
2022-06-06,27.8049946
2022-06-07,3.03999949
2022-06-08,2.57000041
2022-06-09,9.64999962
2022-06-10,0.099999994
2022-06-11,0.289999992
2022-06-12,8.3550005
2022-06-13,0.0799999982
2022-06-14,0.38499999
2022-06-15,9.89999962
2022-06-16,9.21000004
2022-06-17,11.5549994
2022-06-18,1.83000004
2022-06-19,0
2022-06-20,6.32999897
2022-06-21,0.269999981
2022-06-22,0
2022-06-23,0.25999999
2022-06-24,4.29500008
2022-06-25,0.375
2022-06-26,5.90499926
2022-06-27,8.66500092
2022-06-28,0
2022-06-29,0
2022-06-30,0
2022-07-01,0
2022-07-02,0
2022-07-03,0.375
2022-07-04,0
2022-07-05,0.329999983
2022-07-06,18.4199982
2022-07-07,0
2022-07-08,0
2022-07-09,0
2022-07-10,0
2022-07-11,5.23000002
2022-07-12,16.7150002
2022-07-13,23.6400013
2022-07-14,7.625
2022-07-15,22.2749996
2022-07-16,46.3949966
2022-07-17,2.30500007
2022-07-18,0.00999999978
2022-07-19,0
2022-07-20,0
2022-07-21,0
2022-07-22,0.239999995
2022-07-23,0
2022-07-24,0
2022-07-25,0
2022-07-26,0
2022-07-27,0
2022-07-28,0.0149999997
2022-07-29,0
2022-07-30,0
2022-07-31,0
2022-08-01,0
2022-08-02,4.20499992
2022-08-03,6.88000011
2022-08-04,0.105000004
2022-08-05,0.0599999987
2022-08-06,0
2022-08-07,0
2022-08-08,0
2022-08-09,0
2022-08-10,0
2022-08-11,0
2022-08-12,2.87999988
2022-08-13,9.54999924
2022-08-14,1.12
2022-08-15,57.8249969
2022-08-16,2.10500002
2022-08-17,0
2022-08-18,0
2022-08-19,0
2022-08-20,0
2022-08-21,0
2022-08-22,1.74499989
2022-08-23,0
2022-08-24,0
2022-08-25,0
2022-08-26,0
2022-08-27,0.38499999
2022-08-28,0.0949999988
2022-08-29,0
2022-08-30,0
2022-08-31,0.0199999996
2022-09-01,0.224999994
2022-09-02,0
2022-09-03,0
2022-09-04,0.419999957
2022-09-05,0
2022-09-06,0.659999967
2022-09-07,21.4649982
2022-09-08,38.125
2022-09-09,12.9449997
2022-09-10,13.0650005
2022-09-11,6.19000053
2022-09-12,5.13000011
2022-09-13,0
2022-09-14,0
2022-09-15,0
2022-09-16,6.52499962
2022-09-17,0
2022-09-18,0.964999974
2022-09-19,0.215000004
2022-09-20,2.7900002
2022-09-21,1.21500003
2022-09-22,1.72000003
2022-09-23,8.27999973
2022-09-24,0.294999987
2022-09-25,0
2022-09-26,0.125
2022-09-27,0
2022-09-28,0
2022-09-29,3.59500027
2022-09-30,5.51499987
2022-10-01,3.49499989
2022-10-02,0.150000006
2022-10-03,31.5950012
2022-10-04,24.1349983
2022-10-05,5.49999952
2022-10-06,2.75500011
2022-10-07,8.53499985
2022-10-08,11.7599993
2022-10-09,22.4649982
2022-10-10,9.22499943
2022-10-11,2.24500012
2022-10-12,17.0049992
2022-10-13,0.694999993
2022-10-14,4.80999994
2022-10-15,0.224999994
2022-10-16,0.114999995
2022-10-17,0.284999996
2022-10-18,52.7299957
2022-10-19,12.9899979
2022-10-20,9.09500027
2022-10-21,12.9349976
2022-10-22,18.460001
2022-10-23,10.9499998
2022-10-24,9.05999851
2022-10-25,21.9850006
2022-10-26,4.80999947
2022-10-27,7.21500015
2022-10-28,0
2022-10-29,0
2022-10-30,0
2022-10-31,0.0199999996
2022-11-01,5.79999971
2022-11-02,3.01499987
2022-11-03,0.129999995
2022-11-04,7.55500031
2022-11-05,0.279999971
2022-11-06,15.3500023
2022-11-07,2.70499992
2022-11-08,12.9800005
2022-11-09,6.43499994
2022-11-10,79.2449875
2022-11-11,1.79499972
2022-11-12,5.96000004
2022-11-13,6.01999998
2022-11-14,0.159999982
2022-11-15,7.85499954
2022-11-16,4.80999994
2022-11-17,23.1949997
2022-11-18,9.33499908
2022-11-19,0.359999985
2022-11-20,0
2022-11-21,4.33500004
2022-11-22,9.11999989
2022-11-23,8.63000011
2022-11-24,7.45499992
2022-11-25,1.80499983
2022-11-26,39.2649994
2022-11-27,0.734999955
2022-11-28,3.36999989
2022-11-29,37.045002
2022-11-30,1.45500004
2022-12-01,23.1849995
2022-12-02,1.49999976
2022-12-03,20.7399998
2022-12-04,7.05000019
2022-12-05,2.76499963
2022-12-06,2.81000018
2022-12-07,0.0700000003
2022-12-08,33.390007
2022-12-09,11.6550007
2022-12-10,1.54499996
2022-12-11,2.99500036
2022-12-12,2.36000013
2022-12-13,1.8499999
2022-12-14,3.76499987
2022-12-15,26.2299919
2022-12-16,36.7700005
2022-12-17,36.6949997
2022-12-18,14.1050005
2022-12-19,13.7699986
2022-12-20,13.9649982
2022-12-21,18.1399994
2022-12-22,2.04999971
2022-12-23,2.41499996
2022-12-24,2.56999993
2022-12-25,2.85500002
2022-12-26,9.52999973
2022-12-27,3.33499956
2022-12-28,4.81999969
2022-12-29,5.23999977
2022-12-30,13.1399994
2022-12-31,5.75500059
2023-01-01,3.64999962
2023-01-02,1.25
2023-01-03,1.68499994
2023-01-04,2.375
2023-01-05,0.789999962
2023-01-06,2.76499987
2023-01-07,2.49500012
2023-01-08,7.43499947
2023-01-09,42.2999992
2023-01-10,8.375
2023-01-11,1.33999991
2023-01-12,0
2023-01-13,10.3849993
2023-01-14,2.92999983
2023-01-15,11.5900002
2023-01-16,11.75
2023-01-17,0.694999933
2023-01-18,48.2200012
2023-01-19,1.505
2023-01-20,7.85499954
2023-01-21,40.1500053
2023-01-22,18.5449982
2023-01-23,33.6500015
2023-01-24,14.4549999
2023-01-25,7.81500006
2023-01-26,3.4849999
2023-01-27,17.8800011
2023-01-28,22.1900024
2023-01-29,0.574999928
2023-01-30,1.07499993
2023-01-31,1.97000003
2023-02-01,5.9749999
2023-02-02,37.8099976
2023-02-03,10.6000004
2023-02-04,1.57500005
2023-02-05,3.64000034
2023-02-06,0.50999999
2023-02-07,17.125
2023-02-08,1.65999985
2023-02-09,0.640000045
2023-02-10,14.125
2023-02-11,35.7249947
2023-02-12,26.8699989
2023-02-13,7.40999985
2023-02-14,0.594999969
2023-02-15,5.84499979
2023-02-16,3.19000006
2023-02-17,3.0999999
2023-02-18,21.1949997
2023-02-19,11.2149992
2023-02-20,35.7199974
2023-02-21,1.69999981
2023-02-22,6.25500011
2023-02-23,25.1900024
2023-02-24,22.1100006
2023-02-25,7.3399992
2023-02-26,38.4449997
2023-02-27,17.5900002
2023-02-28,11.7799997
2023-03-01,12.7349987
2023-03-02,17.3499985
2023-03-03,0.754999876
2023-03-04,0.360000014
2023-03-05,0
2023-03-06,50.1849976
2023-03-07,9.32999992
2023-03-08,2.63999987
2023-03-09,0.415000021
2023-03-10,3.19000006
2023-03-11,9.99499989
2023-03-12,0
2023-03-13,0
2023-03-14,0.504999995
2023-03-15,0
2023-03-16,0
2023-03-17,0
2023-03-18,0
2023-03-19,0
2023-03-20,26.8800011
2023-03-21,1.92999983
2023-03-22,1.14499998
2023-03-23,0
2023-03-24,2.60999966
2023-03-25,74.8050003
2023-03-26,17.460001
2023-03-27,22.8749981
2023-03-28,10.9549999
2023-03-29,8.53999996
2023-03-30,18.4100018
2023-03-31,33.5599976
2023-04-01,6.66499996
2023-04-02,60.2099991
2023-04-03,3.38000011
2023-04-04,2.17000008
2023-04-05,2.07999992
2023-04-06,0.0299999993
2023-04-07,4.40999985
2023-04-08,17.0699978
2023-04-09,30.7149982
2023-04-10,5.49999952
2023-04-11,1.19500005
2023-04-12,16.9850006
2023-04-13,1.09500003
2023-04-14,51.204998
2023-04-15,22.8799973
2023-04-16,6.15999985
2023-04-17,0
2023-04-18,0.164999992
2023-04-19,0.274999976
2023-04-20,2.1699996
2023-04-21,7.48999977
2023-04-22,0.0399999991
2023-04-23,0
2023-04-24,1.58499992
2023-04-25,2.11499977
2023-04-26,8.56999874
2023-04-27,2.19499993
2023-04-28,0.289999962
2023-04-29,0.099999994
2023-04-30,3.69999981
2023-05-01,0.0449999981
2023-05-02,11.8100014
2023-05-03,34.7249985
2023-05-04,4.76500034
2023-05-05,37.2300034
2023-05-06,0.620000005
2023-05-07,24.0900002
2023-05-08,5.02000046
2023-05-09,0.0449999981
2023-05-10,10.664999
2023-05-11,10.9300003
2023-05-12,0
2023-05-13,2.51499987
2023-05-14,0
2023-05-15,0
2023-05-16,0
2023-05-17,0
2023-05-18,1.06999993
2023-05-19,0.815000057
2023-05-20,0.105000004
2023-05-21,0
2023-05-22,0
2023-05-23,0.105000004
2023-05-24,0
2023-05-25,0
2023-05-26,0
2023-05-27,0
2023-05-28,0
2023-05-29,0
2023-05-30,0
2023-05-31,0
2023-06-01,0
2023-06-02,0
2023-06-03,0
2023-06-04,0
2023-06-05,0
2023-06-06,5.67500019
2023-06-07,1.04999995
2023-06-08,0.109999999
2023-06-09,0
2023-06-10,0
2023-06-11,0
2023-06-12,0.465000004
2023-06-13,0
2023-06-14,0.995000005
2023-06-15,4.02999973
2023-06-16,15.1449986
2023-06-17,16.1700001
2023-06-18,14.4400024
2023-06-19,31.5699997
2023-06-20,0.0399999991
2023-06-21,0.00499999989
2023-06-22,0
2023-06-23,0
2023-06-24,0
2023-06-25,0.605000019
2023-06-26,1.06999993
2023-06-27,0
2023-06-28,0
2023-06-29,0.254999995
2023-06-30,0
2023-07-01,0
2023-07-02,22.6099987
2023-07-03,0
2023-07-04,0
2023-07-05,0.0899999961
2023-07-06,4.72499943
2023-07-07,2.74499989
2023-07-08,27.4400024
2023-07-09,1.245
2023-07-10,1.18999994
2023-07-11,0
2023-07-12,0
2023-07-13,0
2023-07-14,0.36499998
2023-07-15,0.719999969
2023-07-16,0
2023-07-17,0
2023-07-18,0
2023-07-19,0
2023-07-20,0.00999999978
2023-07-21,0.185000002
2023-07-22,0
2023-07-23,0.644999981
2023-07-24,12.7549992
2023-07-25,0
2023-07-26,0
2023-07-27,0
2023-07-28,0
2023-07-29,0
2023-07-30,0
2023-07-31,0
2023-08-01,0
2023-08-02,0
2023-08-03,0
2023-08-04,0
2023-08-05,0
2023-08-06,0
2023-08-07,0
2023-08-08,0
2023-08-09,0
2023-08-10,0
2023-08-11,0
2023-08-12,0
2023-08-13,0
2023-08-14,0
2023-08-15,0
2023-08-16,0
2023-08-17,0
2023-08-18,0
2023-08-19,0
2023-08-20,0
2023-08-21,0
2023-08-22,0
2023-08-23,0
2023-08-24,0
2023-08-25,0
2023-08-26,0
2023-08-27,0
2023-08-28,0
2023-08-29,0
2023-08-30,0.205000013
2023-08-31,0
2023-09-01,0
2023-09-02,0
2023-09-03,0
2023-09-04,0
2023-09-05,0
2023-09-06,0
2023-09-07,0
2023-09-08,0
2023-09-09,0
2023-09-10,0
2023-09-11,0
2023-09-12,0
2023-09-13,0
2023-09-14,0
2023-09-15,0
2023-09-16,0
2023-09-17,0
2023-09-18,0
2023-09-19,0
2023-09-20,0
2023-09-21,0
2023-09-22,0
2023-09-23,0
2023-09-24,0
2023-09-25,0
2023-09-26,0
2023-09-27,0
2023-09-28,0
2023-09-29,0
2023-09-30,0
2023-10-01,0
2023-10-02,0
2023-10-03,0
2023-10-04,0
2023-10-05,0
2023-10-06,0
2023-10-07,0.125
2023-10-08,0
2023-10-09,0
2023-10-10,0
2023-10-11,0
2023-10-12,0
2023-10-13,0
2023-10-14,0
2023-10-15,0
2023-10-16,0
2023-10-17,0
2023-10-18,0
2023-10-19,0
2023-10-20,0
2023-10-21,0
2023-10-22,26.9049988
2023-10-23,40.8549995
2023-10-24,3.31500006
2023-10-25,0.164999992
2023-10-26,0
2023-10-27,0
2023-10-28,0
2023-10-29,0
2023-10-30,0
2023-10-31,0
2023-11-01,0
2023-11-02,0.324999988
2023-11-03,26.9099979
2023-11-04,30.6099987
2023-11-05,0.769999981
2023-11-06,0
2023-11-07,0.254999995
2023-11-08,0
2023-11-09,0.140000001
2023-11-10,0.845000029
2023-11-11,29.1599998
2023-11-12,8.30000019
2023-11-13,2.45000005
2023-11-14,21.4799976
2023-11-15,0
2023-11-16,8.82999992
2023-11-17,0.129999995
2023-11-18,0
2023-11-19,0.00499999989
2023-11-20,0
2023-11-21,0
2023-11-22,4.42000055
2023-11-23,10.9900007
2023-11-24,13.829999
2023-11-25,18.2299976
2023-11-26,7.59499931
2023-11-27,11.5899992
2023-11-28,4.27500057
2023-11-29,0.305000007
2023-11-30,18.6899986
2023-12-01,44.2249985
2023-12-02,0.139999986
2023-12-03,9.31499958
2023-12-04,2.67000008
2023-12-05,1.52999997
2023-12-06,22.6849995
2023-12-07,2.13999987
2023-12-08,0.935000002
2023-12-09,12.1700001
2023-12-10,5.97499943
2023-12-11,49.2400055
2023-12-12,0.0299999993
2023-12-13,6.83000088
2023-12-14,5.49499989
2023-12-15,0.0949999988
2023-12-16,0.98999995
2023-12-17,0
2023-12-18,0
2023-12-19,0
2023-12-20,0
2023-12-21,0
2023-12-22,0
2023-12-23,0
2023-12-24,2.46000004
2023-12-25,7.22999954
2023-12-26,16.9549999
2023-12-27,4.03500032
2023-12-28,1.94000006
2023-12-29,4.73499966
2023-12-30,19.7649994
2023-12-31,13.3500004
